"","x","y1","y2","y3","y4","y5"
"1",18.2082900498062,6.72260172700439,2.67146779377073,556.24924024166,18.2099790883672,9.40949293853206
"2",35.6102050454356,5.61001714265396,3.19298410893221,2366.67393797434,36.0067769807321,8.74574062648663
"3",5.96507806750014,5.19634222796713,4.40175540136393,147.564030118534,5.3113147157485,10.1186948368958
"4",34.5984564421233,7.30801017089411,2.8517641312472,2663.73859971991,37.5115002100115,7.38135039534508
"5",5.2858482436277,5.37159035592395,5.67674665469388,72.7883993361282,3.49551265959127,10.0412287050063
"6",39.3232364973519,6.01042627476426,4.65851765275243,3406.22811277951,39.0202646952811,7.40755696155706
"7",23.2923125242814,4.41062498410836,4.40036053012905,1268.13347302612,22.4221581148975,7.01666329547857
"8",21.3008470954373,5.54420879202809,3.7631793422644,1113.13262578432,21.5824573497615,8.01144923257302
"9",25.3981259881984,6.52323844440818,4.43233389394946,1210.67823675087,23.3644730541833,7.47625860992262
"10",42.9284632722847,5.69343776729358,3.57215357982435,3947.68987737695,42.4424191025927,6.78980425781739
"11",9.18429921800271,6.04535054187223,4.4702540934684,29.7994419243111,9.06486564285654,9.23304604849051
"12",48.0672586604487,7.1829760691573,4.73038115581838,4925.23105260939,48.3071783760702,6.49875267298428
"13",1.36426455248147,0.971591299194164,13.4831127888982,-87.5318532134825,0.800674965888202,20.9139255328508
"14",9.49699090630747,5.3636254050794,3.50159549636958,293.55899451398,9.15668129107703,8.30023483365251
"15",25.6986986577976,6.19293436738412,2.95278883334709,1078.83593969633,25.9751761737918,6.03616489384909
"16",2.77038092492148,2.07828511218329,7.57293796416145,241.381593481373,1.84855590985444,13.3938322609409
"17",8.06947855232283,5.14048799645035,5.55517512174244,171.616730414775,9.01671995015549,10.3623022988694
"18",8.58908445271663,4.16324168652972,3.5696867888618,-0.444917521326687,9.47285317041489,9.89126617492937
"19",39.6642394147348,8.39518550100175,3.52800979983892,3267.87034358786,37.85541721489,7.91393411457191
"20",35.4173728332389,4.85806602306543,3.84005319727117,2444.18241269094,36.2732950919966,5.74525751473347
"21",20.727836310165,5.6946247390702,3.20856567781223,1088.93119702479,20.5732184722159,7.70116392610733
"22",38.3774154146668,7.85315652291806,2.20900733634748,3419.44840929695,37.0802533028567,9.05329424819218
"23",9.29823080124334,3.00206320297319,4.95448747399989,104.529988271377,9.19563076210964,10.1659751373208
"24",8.12289146892726,5.47810850179727,4.14638535681241,13.3118685191713,7.84861857613333,9.28835793152693
"25",33.7918275762349,7.62233023289839,2.0022029943055,2166.56104424927,33.754868487121,7.29216377185705
"26",31.4439558628947,7.38045156823629,4.25177348842081,2058.79852799415,30.0474097258584,7.5396792269248
"27",27.2484529670328,8.9688055074241,3.89947870331686,956.290241850238,27.1632419398637,7.8009483666673
"28",2.30420013703406,3.56528483510309,8.42973508846574,79.8962816614791,1.43173187742684,15.7514836551288
"29",22.1056558284909,7.01012200026717,3.08118175193428,1281.24120541313,21.808411946822,9.26969306157668
"30",38.5439391953405,6.69744238214948,4.33852992730723,3048.39977399283,38.1278738488222,7.76346255724961
"31",17.7471241506282,5.27916162877248,5.72131359623309,591.851741927234,17.9967405009412,8.81860232246486
"32",15.6254915066529,6.74059214967649,3.21483605553188,466.71229033602,15.2096064805272,7.9396190032252
"33",49.2680427627638,5.58531095702409,2.09745842773819,4693.14027654959,49.6599687272595,4.95649838544817
"34",7.57390257180668,5.5133928783991,5.05089935068714,226.299019069425,7.29129119480446,10.4790725479644
"35",24.0272453106008,5.89514877829554,3.18747584256027,1387.54510765423,24.0775533575545,7.7482569463923
"36",22.673105784459,5.97021858561501,6.28214793471632,1221.65950772739,23.1896084568721,8.89727297640573
"37",25.8067608063575,8.12532010291285,3.68778080657438,1174.50118818298,23.8520576918868,7.23907568925958
"38",36.9474986540154,5.83111351162555,3.67232387551682,2955.49752340059,39.1483938803608,6.95077339475752
"39",14.592004078906,5.1849947013024,4.09904247256441,426.431013946853,15.1567599900893,9.68168208459329
"40",43.4393663755618,7.44361223605843,3.39097432607886,3653.28284857289,43.5418366416649,7.47246932224643
"41",15.4079349155072,5.03873281111935,4.4527037047146,588.673273555631,15.8140478652258,7.5462872038409
"42",25.6376203373075,7.38790285004836,3.4927672949786,1343.7899406565,26.5190774772054,8.31627751849376
"43",2.78569408343174,2.72557585586561,7.8659258152244,326.837841990422,3.29567009413545,15.0700916894756
"44",43.1279362386558,7.44395478678445,4.04800007036854,3956.84366969265,42.3717329448832,7.69935140122065
"45",40.8340929870028,5.98772365086317,4.14944859162926,3144.59459372554,42.3314938471712,7.6806818772012
"46",16.2949258307926,5.26243578270805,5.49739903779413,566.486211092499,17.2023810646337,8.0690029110934
"47",42.0190720902756,6.70081337040595,2.61082684603401,3831.69076175238,42.6453494285695,8.12209946602348
"48",21.7828254096676,4.95383615506762,2.82609809178922,774.566976019684,22.8886168172812,9.87377361761065
"49",24.7784693234134,6.5563095155027,3.91181273368095,1358.20210234972,25.8750058549558,6.6054085932399
"50",17.6967448762152,5.644248887583,3.89023337978735,759.596818405353,17.4031072160069,7.96047196416446
"51",1.87615230656229,2.61290519341677,9.10713058462727,-57.711188318313,1.8775361065705,17.6820843010853
"52",45.5689895714168,5.98447688247091,6.12014925311396,4226.98194831186,44.2020395965865,6.11029635303239
"53",28.7756640585139,7.23600793867921,2.77700322972223,1826.95848814233,26.9306309326939,7.68752136198305
"54",35.9118975703605,8.11737488125948,3.97186700083828,2759.4819933508,34.1145727717088,8.64822155173615
"55",11.6199935870245,5.82051366340619,6.06409103108477,503.781216597115,9.63281239603801,6.72786096944929
"56",16.0487543109339,6.24788765422527,5.76804604731716,85.1347501919473,16.1048464513783,9.63139516397877
"57",34.3651845129207,6.81372286095789,2.66051724405843,2088.457424813,34.0887451092412,8.03236512101928
"58",29.441760744201,6.56534350332243,3.21937662444478,1698.6464333158,28.8358773236001,7.13159814888147
"59",18.5987034374848,4.38708975962474,4.97868314712245,485.003165359288,19.0422603288592,8.53760584984459
"60",1.9425390958786,3.28553547585522,9.3732123912002,152.27897210154,1.95330493728473,17.6547307565019
"61",3.1294056205079,4.00200204142089,7.22866866556629,201.930606921625,3.11079343321901,13.3341271851999
"62",45.4488743578549,7.68905497997535,2.94464819907485,4063.44845749818,46.0211030670447,7.65440846607907
"63",10.640186655568,5.39880868298545,5.08862171692028,201.646677227356,11.0926563243425,9.8795462428946
"64",43.4681414368097,5.65367309405339,2.86311524271993,3602.32176617171,44.083422112487,7.46893555821009
"65",28.3512610800099,5.4878208590974,3.23952770530399,1454.43302545824,30.0496372905401,9.32454388647543
"66",12.541838610312,5.24875294585509,3.39168872562537,354.105752959095,12.6353044539821,8.82333985364064
"67",13.4665284275543,5.47951430162125,2.80943228925257,103.059363434006,13.6028147366706,8.32309786899694
"68",26.4812281362247,6.58185356241461,2.7755672694626,1637.70066302293,24.9291455899082,7.58985011743009
"69",4.6063623172231,4.76391009310363,8.00954263346408,14.6370853580788,5.89119971247779,11.7116533243459
"70",23.3505682407413,8.06468366762251,3.34314710200116,1098.1025211395,21.3679738108655,8.68089706996106
"71",46.8209107483272,6.89481236660185,3.2252074490256,4276.86000247304,46.6404133664726,7.27748028344011
"72",23.4618171020411,6.60320973252336,5.40755845919005,1340.05243359454,21.3422855781639,7.11264344324374
"73",29.3139643142931,5.19137775164499,4.49549545943447,1572.0941533165,29.2879825538708,5.37532193410195
"74",31.4350861564744,8.19178332502275,6.31661987200511,1874.30265499197,30.4605706621541,8.09307966692135
"75",48.375009274343,6.63912435212857,3.0563487791402,4611.00874490777,48.1352385470367,9.8267448866937
"76",34.5129113739822,7.07031658600611,2.88394873680999,2051.74408521132,33.8235590956499,7.04803289276236
"77",26.055947109824,7.31988174833908,2.19280696689536,1473.78279140498,27.5205120449027,7.62932985961497
"78",4.10059911920689,4.48049230226138,7.43013911276466,-148.454566148507,3.12940338675946,11.9035239642893
"79",42.8124796401244,6.68532846565771,1.60007041508048,3990.66972556377,42.4320505629015,8.45914593145231
"80",47.2097695749253,8.18144264455678,2.68586212650587,4453.75486425301,46.4371983588436,8.19272858941627
"81",26.8151358109899,7.17662508029055,1.26030365563979,1647.8114835108,26.3171557063597,8.59820473843436
"82",46.3923333487473,8.85643991169822,0.513995239121254,4403.1723259885,44.8929590890233,6.72279113941562
"83",31.8526627155952,6.68879983083661,0.757958090199042,2119.35905567391,30.1614243618962,8.17066001156315
"84",20.3211283646524,7.22792425823645,3.01782789989245,745.177672726808,20.0687577932594,8.39637289229514
"85",19.5655795526691,5.90571659994937,4.0485315797696,969.800985760325,19.9297616608631,9.89957447817257
"86",33.4526509295683,6.40273556509565,2.96497338733272,2153.25463845174,32.6717477112003,8.00167187839956
"87",3.25892427377403,4.43037718464122,7.36064714028918,255.73937124145,4.00543719528058,12.7119718568256
"88",27.1419115071185,4.53352055502499,4.52868530143921,1251.01355414534,26.8545927436197,8.9220978934223
"89",35.1081142285839,6.37882560525482,4.48985210778215,2475.48755460115,32.7807072068002,7.96344708593283
"90",6.80621069157496,4.92437891333664,3.64923550265068,93.7363616651235,6.47433879583471,8.93571251997824
"91",17.2782581308857,6.37919564831694,5.45153374048569,549.28264701479,16.2715881209375,7.98493388917415
"92",8.62635396537371,5.80141603542234,5.49461336169264,21.1915162132228,7.57819749271798,8.79253628542976
"93",35.5543754349928,7.24054041892847,3.68920704675152,2529.34348172107,34.0832242617197,7.85056674202894
"94",10.9750156172086,3.65010337354719,5.33312734726803,188.603262256867,12.4879230092748,8.37254898664792
"95",2.27085097366944,3.3382498804862,8.7393336062116,-29.5036298865493,1.29822383612645,16.1526999844632
"96",16.3697851668112,5.83740892299501,3.11682749992449,597.586220645484,15.7189668781687,7.71180287067706
"97",34.5426053376868,5.91472190471707,4.64929416070468,2557.80974217361,34.6796768450058,8.3037300358987
"98",32.49966058461,7.24017064043378,4.41823763482628,1909.53294477875,33.2240792253141,6.18874298425566
"99",9.69821281521581,5.4034415940074,4.4155196088382,198.565390243929,9.18257884817692,9.52639124537899
"100",45.4297138086986,7.36029048897276,2.66563014966577,4027.26100564681,47.6930611012327,8.56323659910044
"101",43.9077154099941,6.95193833756816,2.56006770637641,3591.79165138413,44.189600253119,5.66350069836603
"102",34.5338368036319,4.71862502543633,2.80993742373809,2388.2495526887,36.0140644047357,6.7820073603814
"103",17.5682521276176,6.39588015317456,4.24856862371543,810.643044820223,15.8234321421256,8.88547899024005
"104",20.5097681984771,5.4671170757365,3.26239635090561,897.021414269096,19.4439962587666,7.58194819859148
"105",49.490757581545,7.87782221796837,2.30478597635011,4971.99625845695,49.5352178323903,7.04711125676778
"106",10.8264452081639,5.57133053518807,5.85893132385664,447.697655504885,11.0806626013149,8.43323371696206
"107",27.8545053142589,4.99905291741894,2.74221822110787,1359.63364507125,26.8316286151396,5.94306161593208
"108",48.6117607206106,6.33228518832773,2.19636700538164,5085.70017286788,49.3832925641944,5.93517140478668
"109",24.2825986105017,5.37128783759575,4.05718665982138,975.70835996711,23.0137536246172,7.27835189524121
"110",4.95228797523305,3.04928924774545,4.9549072520539,-32.4896842184491,5.52238106032283,10.664567639425
"111",8.81039859098382,6.41396323499002,6.30231226546988,193.186444272764,7.83088750335964,10.7067963753968
"112",44.4240148519166,6.05104659934415,2.23130096254197,3991.07776885769,43.7975427148487,7.41477797191882
"113",23.3843448197003,6.14625950903616,2.96554039038291,945.184015631549,25.1214800636372,7.9007114072337
"114",46.5608522032853,7.64466547171206,3.03480067787733,4264.31508612017,46.4736450240512,7.21691639650421
"115",34.1067157248035,6.36725073151228,4.31028832842635,2367.14280476359,34.873244471305,6.84102730918151
"116",16.2503664772958,6.06688693256122,4.35013083568218,644.008077281982,16.4174023086299,9.39459161999513
"117",3.16356319305487,4.19909013554059,7.58608479359756,-281.005353592733,3.52534431602144,12.7124234620469
"118",26.0873262300156,7.18899297002578,3.82961091931905,1133.48478455501,25.8877146829856,7.11459143028867
"119",37.1200444949791,7.81562604786622,1.90270412626311,2831.73355037309,36.8797897999497,7.44228393765683
"120",19.153481771471,6.98740161373736,3.8921159000751,695.795013894178,19.8630844173478,8.19962386890613
"121",4.4807134156581,4.98402723960201,6.75766707975177,196.550595286179,3.48066771441345,10.6299125029949
"122",19.3342297386844,4.37466825395554,3.27844170044692,796.493907844452,19.0886595252735,8.0969651823374
"123",8.66316075250506,4.205507748781,2.76038235759096,497.842009986142,8.81031266609847,10.2504592397426
"124",6.69156323513016,5.26788400011538,5.95947911745946,89.5572800343772,7.94905362096828,8.34083521108831
"125",34.7815410939511,6.77958586826141,3.5009663203736,2647.56464780588,35.1924507356634,8.19522312147064
"126",41.7516614242923,7.30793516067919,2.07149549177888,3652.02540769409,44.1204430436682,9.34048856389392
"127",18.3193675638177,7.61425020938226,3.41176727513979,617.029836603297,18.4279123315456,8.59565557844287
"128",5.77255192794837,5.26029398130091,5.24873913161345,-144.036409012128,4.39301024205421,10.84044183025
"129",9.33754822146147,6.42200540830501,5.70181682452018,-138.028020722086,9.05860033290372,8.35419400724459
"130",34.8238998115994,7.3940388786242,3.86272842672851,2511.35607618643,32.3092788941821,6.87930186978114
"131",2.27314297039993,4.1451359609505,9.1575190348381,48.520149490714,0.62529541163563,17.7150659381635
"132",28.856618253747,6.13610869637536,2.59934113840818,1620.01210265717,30.3181733144175,8.71204696810858
"133",9.44527461193502,5.3457080906067,4.18618664093407,344.842834616211,8.55528507122171,9.66452934203507
"134",11.1388074930292,5.53857627193248,5.72450778728374,166.113311281282,10.7208969351473,7.54590610381239
"135",48.0793301619124,7.11978556323069,2.22837447362577,4194.98250496906,46.7891635098046,7.80873768710433
"136",8.23917703237385,5.02989349753501,5.38031137760431,71.4300679935552,8.14158052179781,9.95509327889538
"137",26.2171626042109,5.88042195127066,3.27053432843931,1321.90876547513,26.2804996697428,6.64196980851634
"138",30.0828561959788,4.30230503542628,4.66321473623054,1727.30141425153,28.9686926541048,8.09494603651406
"139",28.9533918800298,7.50869332614841,3.36948087292897,1811.80667219106,30.4614323697484,7.82674293206368
"140",19.8911208843347,5.30168499989131,3.22794350406045,933.972229137821,17.4869634294432,8.55409001978403
"141",13.6803829749115,3.99314741763913,4.7456959091213,650.3360758654,13.9922747460021,7.27061942084488
"142",28.3452943975572,6.06581018416563,3.70590353474663,1799.75895840087,26.7818750839407,8.9711896590292
"143",13.1410177282523,6.17862809299302,3.54024791038513,97.4954880553115,13.3427892703025,8.78387244665665
"144",31.8831298241857,7.34222787337971,1.82740098283887,2057.7685752427,28.7714393979213,6.89168950441341
"145",27.578398228623,6.10433401314735,3.93450381884079,1441.85841571762,26.6310796685703,7.02768306683793
"146",14.7026543826796,5.90074346741515,3.05083850205158,584.475451829744,16.5276701281198,9.24117285353161
"147",25.4972810896579,6.27693487011166,4.21511208016243,1202.58307196644,25.8576708910071,7.83330802123936
"148",37.9840885640588,6.33998854791684,3.67157028089353,3165.07310917006,36.7985846487278,7.29936478137348
"149",31.591347878566,6.17207868631619,1.79167494605217,2111.42705490553,29.7396332831842,7.1567432989927
"150",12.7359273198526,4.75690305209887,4.62368733212757,-76.8137759699507,13.3801443884373,7.6851113968074
"151",15.5532015927602,5.62990277274959,1.57943727478854,941.944331028915,17.6249987819861,9.34142770530181
"152",45.2425754170399,7.25198642159051,2.3475047163398,3978.98847839871,44.7351531933137,7.51937132998877
"153",48.8086909612175,6.94369677947588,2.83809323056781,4910.96236746311,50.4642760484341,8.46591537201524
"154",26.2586081009358,6.05921219229963,3.82798782193593,1573.38326933339,26.5307988364402,8.1180836439346
"155",20.6637703131419,4.67456084774387,4.52153241567189,1127.8597928498,20.7262168019913,8.44923301974543
"156",42.6487549045123,7.42543488111764,0.730506742960478,3316.79206165854,42.1800456494697,5.47247521417953
"157",5.96113923611119,6.25499213371175,5.42450721358186,10.3544697547237,6.02815275827458,11.8404194687157
"158",44.0091419497039,8.29470905858343,4.09284556357155,3956.39637006561,43.4567049873489,8.35290354023677
"159",26.0345691654366,5.17044000126332,3.88569437552469,1161.62255987809,26.0652207897607,6.6248793459627
"160",6.02016831422225,5.16620072662385,5.28479629472536,30.5143940288033,6.0962456209337,9.48257550252949
"161",48.0682048411109,5.94291957969125,4.20407596231495,4576.9267032588,49.686305338468,8.80730801983004
"162",36.6499082646333,5.27428956301029,2.51743859286412,2704.51614189375,33.5493834334519,8.24810125183932
"163",20.6856047424953,5.28211494779443,3.24203063544569,987.44284128097,22.1268514273893,7.81659947901896
"164",6.75879213493317,5.14560495343449,3.9378115762354,387.618068917776,4.06352776608509,8.59563457843572
"165",23.2504039369524,6.49745626401739,3.93783194989154,869.255689297227,23.8566365115085,6.93952151338632
"166",35.0739633073099,7.00379903396875,4.66093611882214,2379.59091688341,35.5766795418684,6.36486166258852
"167",35.3987965693232,4.94743932095994,4.48389108182346,2502.99525442484,35.6497280969166,7.2757007540895
"168",45.6427779383957,6.8879419854474,1.98974125557347,4110.88429526617,45.5720872029205,7.80755605242819
"169",14.5544748015236,7.45600741829753,1.91056898117813,621.352736403703,13.7645519327986,8.88518310112165
"170",44.3160742516629,6.83302302521413,3.70419491777992,3911.62462431673,44.4735173606085,7.84430757865157
"171",41.5280618607067,6.55783388557951,4.75299479559926,3410.62577389232,41.6243937316902,5.64493097730695
"172",40.7693019441795,5.79085414773035,3.96491237710845,3226.20332951685,41.7823845659194,5.62491347053247
"173",46.1282540350221,5.31867610323533,1.90555911173949,4478.16698671301,44.9817312905199,7.99373478731988
"174",18.6088554249145,4.03826891793314,3.5732186660939,364.011957990138,19.7857254749335,7.87975240218741
"175",7.63380035408773,4.84116676859163,4.25135230254125,-37.0202597518304,8.58469984847738,7.31360731188084
"176",19.5684520697687,4.17484839522001,3.69933337476989,416.414014223861,19.6507083270888,8.4653327541922
"177",18.1338172291871,5.491858122027,2.89974963587046,670.858810091537,20.11725572259,6.49180689388431
"178",23.0554945766926,7.23262226705437,4.9803960698039,1101.02276813184,23.3244128457844,7.19360807626797
"179",15.2699239670765,6.53200514245058,3.8864817719983,233.442034029004,16.7793950564769,8.89060015570069
"180",7.21131490450352,3.4901329218722,4.58631066570192,-170.851966174048,8.47724330773691,9.5648847573005
"181",19.7166729161981,6.33252728976287,4.54282118238029,409.703383184616,19.4354885079549,8.06083181656435
"182",44.3378793264274,6.91276478823026,5.28146792182587,3748.06456802231,43.3932868729763,9.77524094891136
"183",1.68880712077953,3.60872964908805,13.4279916970587,-472.670988013044,0.941988508294026,18.9312143848066
"184",28.4222851186059,7.24739945499685,2.66226291798833,1419.8895262397,28.8001846253571,10.2333590787036
"185",46.0264462165069,7.24793874771676,3.38168830034162,4095.19679996684,44.2107357023917,7.63384504414111
"186",17.0133875096217,5.31433637640642,3.36780389464992,599.27713214865,18.1600620169649,8.64876626832447
"187",30.1845548902638,6.55955814101274,5.09555990463553,1978.70936699895,29.4933919651566,9.74028165980256
"188",32.6690433174372,7.2818786679303,3.37047264187448,1874.40696148999,32.0854079565311,7.88828475311709
"189",5.77155789919198,5.70050432271031,6.00266553208946,122.760796198601,5.62123984595473,13.3298176436674
"190",10.3681232016534,5.1026354828498,5.32879857418016,77.7261343531561,10.2916538042427,8.74806834189827
"191",1.44496587384492,1.84667705224706,12.7215717592943,95.1368869895992,0.888373236886488,20.1823332337541
"192",14.8314928035252,4.02797914923905,4.51181915116107,602.007395482676,14.0269751540828,7.34859948833444
"193",10.7770254511852,4.73776386821636,3.81076288349376,290.73181945703,10.2161709549294,7.94637513399111
"194",38.5409959899262,6.60884191316271,2.52283108870094,2891.82039114543,39.4997685366093,6.2776996142775
"195",39.5836129230447,6.71690529161617,2.36840253999744,3043.7636944257,40.2759413633235,6.49784490619506
"196",21.5205133608542,7.33139465391546,4.85476045829018,665.188317917633,22.1554569464255,7.77665064689059
"197",10.605712388875,5.17878093504825,4.11075844826985,-6.92287691582118,11.2251770200982,7.87282733963671
"198",41.8198323633987,6.83741098935585,3.09196442975102,3347.22694182292,43.3771502916027,7.79641634488672
"199",5.40087781171314,5.2754015330105,4.9536347342981,209.54809980521,4.33752276072002,11.7004703532794
"200",7.77521491749212,6.07773351042192,4.54303326164055,-249.978270460011,8.52272263077739,8.53191265666336
"201",32.5467670562211,7.12603735809068,3.55570827949765,2139.67098027508,32.4854013607668,6.151595261456
"202",31.8806961541995,7.11161020953756,3.8246739471938,2074.27090276374,32.4914362370102,7.05441400434455
"203",24.0556889376603,6.68321634635024,2.91302476740163,1017.83530582911,23.5686005106665,7.88231646719314
"204",46.1891585325357,6.64482319193414,4.22055483965592,4458.55114501176,45.7744798085485,7.39336951815142
"205",1.46122343325987,2.51890653610222,12.1381019562843,-85.5735300903109,0.945275556856455,20.3043902751763
"206",34.6945830695331,6.13828494290924,3.49550755028328,2414.62102455164,35.0808967847927,7.80551826128628
"207",42.9084937206935,6.25417416328223,3.2703427894806,3690.87531738522,43.6538160025032,8.2008223324428
"208",3.2815133202821,3.83073273763046,5.4077476995995,279.711132166553,3.7414103669106,14.6095122726185
"209",5.81353534944355,5.2224980457761,5.621288342557,84.7575314749332,6.44321708440658,11.7260467776646
"210",4.57771700713784,4.33071822188811,5.45594253186583,-41.2886463090329,4.56526845584686,10.4472592975147
"211",4.17456189100631,5.78704124440002,6.57289357746516,12.5546587552732,3.2744731340004,11.8552157685343
"212",27.9330292963423,6.9142219289503,2.86339016879381,1370.13478314399,27.3510552271839,8.46597551949108
"213",21.050054298481,6.65595028686606,4.9542619072426,853.332117345778,20.9214669576514,5.47704167978642
"214",41.6188150239177,7.88358820504968,3.97522992370758,3147.36708642568,41.2248965811976,6.5216676070258
"215",12.6597996328492,5.63787312418311,2.93166906453488,508.073792044673,12.8133022916462,6.87044847618735
"216",14.2063885978423,6.19502167970067,3.54451420837253,441.238784651011,13.4735936842305,8.66746712620206
"217",31.0793576287106,6.06646497569881,4.62062466309779,1928.8737632829,30.9094595182029,8.34155684562509
"218",44.4206185042858,7.22996566212888,4.56954790559719,4058.09801020806,44.0198677049124,7.57467844837065
"219",42.6658493948635,4.29945596657227,3.80876392488939,3636.86564347316,41.0313311661338,8.06518960886183
"220",20.0192082703579,8.24320301617205,1.52290744526507,785.558462763691,20.1936576573395,8.61207427858444
"221",4.54543169378303,4.79481141470337,7.10453560514,105.959663230127,4.28476307034092,11.617626042388
"222",15.5252076396719,8.38119879497456,5.0355452598961,790.552736463264,15.4870991577143,8.66913983122106
"223",1.49001014279202,2.97543356622276,11.959254462824,-222.143439809721,2.54766481327313,21.800925164473
"224",31.0839708626736,6.04653022995149,3.64034292787041,1938.57683442473,30.7920636018577,9.26154781967415
"225",19.6118190314155,6.15422559775951,2.62797967934796,832.103610395763,20.8110463222857,9.85363595459847
"226",21.1734031601809,6.39859963270187,5.19201544453691,867.877844496587,21.8447900745773,7.06653712591557
"227",46.2669236648362,8.44785847571411,5.04941977043267,4281.91928286582,46.0550858251331,7.72604720534179
"228",24.4224752353039,4.83666028092465,3.66520178685283,1165.74280019215,24.2566225106113,7.63001517859016
"229",1.81313580740243,3.49978487358552,10.6911829049024,309.692036168827,3.55571679631463,16.7499122060456
"230",36.0243157437071,7.75856019657867,2.20655002943169,2966.01910165263,35.4100425279053,9.15715740633363
"231",7.02125930786133,5.12829451308566,5.62984798938492,130.562173780407,7.60768214106619,10.4009695890407
"232",16.6417224290781,5.17017092385975,5.14974422049031,512.922610863861,16.797019349321,9.22785578903287
"233",40.8733870536089,4.63412080402673,3.59391134823426,3603.93655209383,41.9522496807589,7.39867529614731
"234",43.3841670160182,6.4667085003367,4.27756380897304,3891.86832232628,45.2286431725262,7.16761434319232
"235",25.3415823527612,7.3406288013086,3.7725578267686,1165.78350940907,24.7181174035548,6.97008949459997
"236",19.8530770060606,5.80173161707188,5.08685223736607,558.770499488169,19.6380946420454,8.30913029098259
"237",17.3682388565503,6.02976324812463,3.51765792719397,838.693133635411,19.3417471496451,7.3597401544752
"238",20.7543410398066,7.31065406611363,4.64626818592704,779.823681612411,19.8390116973664,7.65031829245704
"239",21.4274131539278,4.350761218535,4.09629963544868,866.565322534956,22.4508824559721,6.20364546853158
"240",31.7966895608697,7.14180902613673,3.23498314770242,2085.39886030481,31.1072913979595,7.89938609951072
"241",8.03722201171331,3.03445775228745,5.77198473884701,136.540864879929,8.8913151000232,9.2986668168542
"242",15.7981987122912,4.93031094680607,3.85173380225005,852.660666444551,17.2412950963621,7.97874139689108
"243",36.4132926503662,6.40653926134125,1.82039585040053,2911.52895277396,35.9174784929634,7.85278977097264
"244",37.2867476888932,5.57348449668544,4.41346673866459,2719.04676099686,37.4618557428852,7.5702100954174
"245",16.6147330920212,5.14561900593113,2.5024650904373,755.380135247486,14.7484272190546,8.10831331651889
"246",47.2428881912492,9.20412111318474,3.54077146720727,4606.84984777335,48.0313594822078,7.80237428314174
"247",29.4322889321484,6.52507686164684,4.08199259663992,1681.43909586507,29.7239808586152,8.03120429287822
"248",27.4319107404444,6.07331918138559,4.16973556679502,1496.82024073641,28.0377820611815,8.17040859253291
"249",12.2204976773355,6.74828101574303,4.45655997615911,339.94581278158,10.6615477476375,7.00187096681082
"250",6.80586631991901,4.20677707356022,4.76480132182257,-20.2759830511998,6.62318636375687,9.78640283990119
"251",2.35582345048897,4.57643205742857,7.42417468729246,-50.7479729364212,2.8181210440856,14.3654910138897
"252",2.47910794429481,4.22395093809037,7.1914714297504,223.896688651466,1.90952477109182,15.2814832922075
"253",25.2064852893818,5.12981920722966,2.18447184065436,1302.63826752288,24.807716080977,6.80731704008789
"254",20.5909479893744,5.83389067734813,4.27334818490958,1321.07623931011,20.3701151221374,7.70935145106066
"255",12.8913763316814,5.25137806499011,4.19927210993844,517.113306822504,13.9973153487096,11.1802505541584
"256",21.6989005482756,5.65536382661162,5.85120996374513,652.738453961966,22.2146886113513,9.90761047889986
"257",40.6036450765096,7.30477630336366,2.65661058009028,3180.53021242725,40.2486488936124,8.13949480060906
"258",44.2087868223898,7.38620016784073,2.64358888018667,3775.99154477291,43.334097168326,6.21615333706051
"259",15.3159089519177,6.08169683781325,3.48955794349734,647.134083460543,14.0207881109349,7.97124878066888
"260",35.9483205915894,6.77758019886094,3.77130123076879,2401.85689286132,35.8816164874662,7.85526534852561
"261",47.9551663652528,7.11047126799777,1.70031945912013,4587.78509772362,49.7202640698458,5.12574488351478
"262",23.6510219061747,6.32068590643426,3.9043868963441,1340.23932480281,22.2032486606171,5.73508321111376
"263",32.7436011899263,6.02570117245585,2.32512869860119,1981.06270034538,31.1305007275503,6.58545169108548
"264",43.1984178163111,7.27786901270068,3.02121435852263,3753.68434717686,41.9730648204745,6.91159513514068
"265",28.7816585211549,4.99257741439691,4.49868151360779,1635.4771977903,28.3590664527196,7.92678536932032
"266",10.8175280187279,5.41483481116095,3.83467850332526,-106.303476034829,11.109989370356,8.37848572437527
"267",17.4201338111889,7.158832505092,4.58674225563946,962.766928135726,17.0404202469254,7.69836646338724
"268",45.6345664684195,8.09215873850382,4.19579691497869,4104.76133101379,44.3889080123729,7.0311076992311
"269",28.5488300253637,7.131492747248,2.91074580079799,1618.82297794052,29.2621824485334,6.75584319132909
"270",30.0059036142193,7.33380072632874,2.7458191118421,1416.14640253822,30.0537568140945,9.05255923498753
"271",1.60515521257184,4.45280941599029,10.6328411681032,5.18852845391237,1.04446332064682,18.6801447512715
"272",7.70243991701864,2.69944164116805,6.73096517335965,315.606772098579,7.36023724676877,8.82441643280126
"273",42.7056266884319,5.9091540693765,5.08712729072542,3142.29745076699,42.6274242060583,7.21761395545973
"274",33.6344114418607,5.73263185109373,1.85149048853286,2366.84250313354,34.1866433746636,6.23270969054327
"275",30.2198459059,5.69811043350567,2.34659772313603,1790.74903585428,27.724042295736,8.6244736554192
"276",44.569074484054,5.95685869755572,5.4711704660945,4208.36251635051,43.6315830311175,8.72084613164812
"277",34.8836034520064,5.81854187224742,3.60906957698368,2495.77632926334,34.809151026327,8.16874288981423
"278",8.46135757025331,5.26541225308477,5.43013235921139,166.103614793474,10.1335514270748,7.95313604339499
"279",45.7655364682432,6.81031009635282,5.06154679035844,3963.97370211004,48.0953378807119,6.93716151989643
"280",26.0844681106973,7.44268853765449,3.6190810854896,1346.98183310047,25.8632406561129,8.34366929454131
"281",46.6272101399954,7.60044717786621,4.21433539019179,4375.56889638261,46.1828645202693,7.82486251424817
"282",46.8174321667757,9.37908367572498,3.39057910353757,4209.41684714997,45.4679650217615,6.28887857700813
"283",27.5498154610395,5.96738577190517,3.29562044299299,1544.29127207058,27.477133739505,7.48795504114299
"284",17.2845891388133,4.47155236114817,5.24941267243969,669.792031978587,18.4467761502275,7.83899119747
"285",24.6459363771137,5.54446469345414,3.43961489625161,1240.90090695886,22.8498063125871,6.96212561775397
"286",49.6309470215347,7.25393635224248,3.62865462854986,4847.21656192578,50.1765503000933,8.05772315200054
"287",16.4820571946912,5.61934169782231,4.07954443074243,416.229191673215,16.9972850629371,9.17343544308365
"288",24.9308913785499,5.68251825700852,1.8406514590614,1195.60736163689,25.7087493716513,8.47429655924644
"289",11.6695229017641,4.85075587609671,3.16971785224923,-133.40744158171,11.1342431905346,8.50090475398432
"290",1.70675413776189,5.19725423190722,9.49928400230868,308.949591958562,4.57973771164144,18.21713524628
"291",33.6218020201195,7.78058418180476,3.45585685447273,2287.77314376059,32.9217128254119,7.48598887821801
"292",25.8482503178529,6.30900424775982,4.05738609209321,1289.84505192324,25.3914528176848,9.05447267626801
"293",2.8086892797146,5.22343021532306,7.60430221979408,181.996573127682,3.77959956757431,14.3996506893827
"294",15.853258543415,4.93212698569642,4.58284555421277,38.6068727959815,16.6751003300715,8.07754546380135
"295",14.9223200206179,5.42061971910478,3.42994014740263,831.414806783159,16.751085807354,8.56559301842736
"296",2.02940933033824,3.23850086784974,10.0287601801999,409.419521784494,2.08704756378402,15.8351667421387
"297",15.1534724184312,6.34678926728961,5.05325244558887,70.5122500636576,15.6717164192517,6.94855792285311
"298",32.3747644177638,7.47660360395484,3.57007899035347,1678.34125248563,32.4005511221999,5.23403834426487
"299",46.1611151113175,6.67094203301563,2.89426206017917,4270.07586986731,46.478395532869,6.44508718395571
"300",13.8846223826986,4.64214933202457,1.79865899223414,225.618740166852,14.2320127490748,8.51714662773971
